"","Plate","Chemical","Gene","Concentration","Avg_Cq","Std_dev","Std_error","delta","Std_error_dt","delta_delta","Std_error_dtdt","fold_change","fc_stderr"
"1","9P","9P","CYP1a1","1",38.0473165266667,0.700955637069753,0.404696925752208,19.1444803333333,0.426491218375098,-1.4275859,0.92475414802049,2.68996220032743,0.526770278098429
"2","9P","9P","CYP1a1","10",38.2714879266667,0.889826436117261,0.513741532424346,19.7801466766667,0.521227570751384,-0.79191955666667,0.972087267400111,1.73137658839992,0.50976800513195
"3","9P","9P","CYP1a1","20",38.5777421333333,0.904808791575574,0.522391599381297,20.1734859633333,0.533462988185689,-0.398580270000004,0.978702321798631,1.31821004569886,0.507435964190606
"4","9P","BaP","CYP1a1","BaP -20",34.64978124,1.17430103228849,0.677983017101416,15.9392540666667,0.722428133616598,-4.63281216666666,1.09324191429472,24.8093523107818,0.468706947821321
"5","Phe","BaP","CYP1a1","BaP -20",34.1865804133333,0.315812718633611,0.182334558116623,15.31243674,0.192208677971943,-4.96219276333334,0.26598885502637,31.1723013510981,0.831628522769455
"6","Phe","Phe","CYP1a1","1",37.5188301766667,0.211257278348851,0.121969446522977,18.84397802,0.125989465788889,-1.43065148333333,0.222888403916145,2.69568417936689,0.856848231567358
"7","Phe","Phe","CYP1a1","10",38.09380236,1.18836560714987,0.686103203183671,19.5512277433333,0.691802674926483,-0.723401760000002,0.715818996776388,1.65107054117224,0.608859393180306
"8","Phe","Phe","CYP1a1","20",37.53186483,0.734055788200016,0.423807306917482,18.8962709733333,0.436664172783743,-1.37835853,0.473794781422746,2.59972411262962,0.720068079265087
